id,text,author,timestamp,likes,shares,comments,views
p1,"The new climate policy announced today is a huge step forward for renewable energy. We finally have leadership taking action!",green_future,2024-01-15 09:23,342,89,67,4500
p2,"This climate bill is going to destroy jobs. Our economy cannot afford these regulations. The data doesn't support the panic.",realeconomics,2024-01-15 10:45,128,212,203,8900
p3,"Can we please have a nuanced discussion about climate policy? Both extreme positions miss important trade-offs we need to consider.",policy_wonk,2024-01-15 11:02,78,34,45,1200
p4,"Scientists warn that the new policy still doesn't go far enough. We need more aggressive emission reductions to meet 2030 targets.",dr_climatescience,2024-01-15 12:18,567,234,89,12000
p5,"My family depends on the coal industry. Easy for politicians to make these decisions from their mansions.",coalworker_wv,2024-01-15 13:30,89,156,312,6700
p6,"The economic modeling in this new policy is flawed. Independent analysis shows costs 3x higher than official estimates.",budget_analyst,2024-01-15 14:05,45,67,23,2100
p7,"Young people are the ones who will live with these consequences. We support the policy 100% and urge faster implementation.",youth4climate,2024-01-15 15:22,892,445,134,23000
p8,"The policy includes important provisions for worker transition assistance. This is how you do just transition properly.",laboradvocate,2024-01-15 16:45,234,123,56,5600
p9,"Why are we trusting the same government that failed us in 2008? These regulations will be captured by industry anyway.",skeptic99,2024-01-15 17:10,67,89,145,3400
p10,"Breaking: International community responds positively to the new climate initiative. Three major nations signal support.",globalnews,2024-01-15 18:00,1234,678,89,45000
p11,"Just read the full 200-page policy document. Here are the 5 things media is getting wrong about it. Thread",policy_thread,2024-01-15 18:45,3456,2345,234,89000
p12,"Peaceful protest outside the capitol today. Hundreds gather to demand faster action on climate. Proud to be here.",activist_now,2024-01-15 19:20,456,234,67,12000
p13,"The renewable energy sector will create 10x more jobs than we lose. Stop the fossil fuel fear-mongering.",clean_energy_prof,2024-01-15 20:05,789,345,112,18000
p14,"I voted for change but not THIS. My heating bill is already unaffordable. Who is thinking about working families?",concerned_voter,2024-01-15 20:45,234,567,445,14000
p15,"This policy perfectly balances environmental goals with economic realities. A model for other nations to follow.",policy_analyst,2024-01-15 21:10,123,78,34,3200
p16,"Climate deniers are criminals against future generations. Anyone opposing this policy should be ashamed.",angry_activist,2024-01-15 21:30,345,123,567,9800
p17,"As a farmer, I'm worried about the water usage regulations. Nobody consulted us rural communities.",rural_voice,2024-01-15 22:00,167,234,189,7800
p18,"The science is clear and the policy reflects it. No more delays. Our children are watching.",teacher_mom,2024-01-15 22:30,678,345,78,15000
p19,"Both parties are failing us. This policy is too timid for environmentalists and too extreme for business. Nobody wins.",independent_view,2024-01-15 23:00,89,123,67,2800
p20,"Historic day. Whatever your politics, we can agree this is a turning point. The debate now is about implementation.",historian_prof,2024-01-15 23:45,1234,567,123,34000
